Show,Episode,Title,Type,Release
fist of the blue sky,16,Seeking Refuge,Manga Canon,2007-02-01
fist of the blue sky,17,Death Sentence! The Fallen Palm,Manga Canon,2007-02-08
fist of the blue sky,18,The Aura of Hokuto Sōkaken,Manga Canon,2007-02-15
fist of the blue sky,21,A Burning Confrontation,Manga Canon,2007-03-08
girls' last tour (shoujo shuumatsu ryokou),2,Bath/Journal/Laundry,Manga Canon,2017-10-13
girls' last tour (shoujo shuumatsu ryokou),3,Encounter/City/Streetlights,Manga Canon,2017-10-20
girls' last tour (shoujo shuumatsu ryokou),4,Photograph/Temple,Anime Canon,2017-10-27
girls' last tour (shoujo shuumatsu ryokou),5,House/Nap/The Sound of Rain,Manga Canon,2017-11-03
girls' last tour (shoujo shuumatsu ryokou),6,Accident/Technology/Takeoff,Manga Canon,2017-11-10
girls' last tour (shoujo shuumatsu ryokou),7,Labyrinth/Cooking,Manga Canon,2017-11-17
girls' last tour (shoujo shuumatsu ryokou),8,Memory/Spiral/Moonlight,Manga Canon,2017-11-24
girls' last tour (shoujo shuumatsu ryokou),9,Technology/Aquarium/Life,Manga Canon,2017-12-01
girls' last tour (shoujo shuumatsu ryokou),10,Train/Wavelength/Capture,Manga Canon,2017-12-08
girls' last tour (shoujo shuumatsu ryokou),11,Culture/Destruction/The Past,Manga Canon,2017-12-15
outlaw star,16,Demon of the Water Planet,Filler,1988-04-20
revolutionary girl utena (shoujo kakumei utena),8,Curried High Trip,Mixed Canon/Filler,1997-05-21
revolutionary girl utena (shoujo kakumei utena),27,Nanami's Egg,Mixed Canon/Filler,1997-10-01
rwby,1,Ruby Rose,Anime Canon,2013-07-18
rwby,2,The Shining Beacon,Anime Canon,2013-07-25
rwby,3,"The Shining Beacon, Pt.2",Anime Canon,2013-08-01
rwby,4,The First Step,Anime Canon,2013-08-08
rwby,5,"The First Step, Pt. 2",Anime Canon,2013-08-15
rwby,6,The Emerald Forest,Anime Canon,2013-08-22
rwby,7,"The Emerald Forest, Pt. 2",Anime Canon,2013-08-29
rwby,8,Players and Pieces,Anime Canon,2013-09-05
rwby,9,The Badge and The Burden,Anime Canon,2013-09-12
rwby,10,"The Badge and The Burden, Pt. 2",Anime Canon,2013-09-19
rwby,11,Jaunedice,Anime Canon,2013-09-26
rwby,12,"Jaunedice, Pt. 2",Anime Canon,2013-10-03
rwby,13,Forever Fall,Anime Canon,2013-10-10
rwby,14,"Forever Fall, Pt. 2",Anime Canon,2013-10-17
rwby,15,The Stray,Anime Canon,2013-10-31
rwby,16,Black and White,Anime Canon,2013-11-07
rwby,17,Best Day Ever,Anime Canon,2014-07-24
rwby,18,Welcome to Beacon,Anime Canon,2014-07-31
rwby,19,A Minor Hiccup,Anime Canon,2014-08-07
rwby,20,Painting the Town...,Anime Canon,2014-08-14
rwby,21,Extracurricular,Anime Canon,2014-08-28
rwby,22,Burning the Candle,Anime Canon,2014-09-04
rwby,23,Dance Dance Infiltration,Anime Canon,2014-09-11
rwby,24,Field Trip,Anime Canon,2014-09-25
rwby,25,Search and Destroy,Anime Canon,2014-10-02
rwby,26,Mountain Glenn,Anime Canon,2014-10-09
rwby,27,No Brakes,Anime Canon,2014-10-23
rwby,28,Breach,Anime Canon,2014-10-30
rwby,29,Round One,Anime Canon,2015-10-24
rwby,30,New Challengers...,Anime Canon,2015-10-31
rwby,31,It's Brawl in the Family,Anime Canon,2015-11-14
rwby,32,Lessons Learned,Anime Canon,2015-11-28
rwby,33,Never Miss a Beat,Anime Canon,2015-12-05
rwby,34,Fall,Anime Canon,2015-12-12
rwby,35,Beginning of the End,Anime Canon,2016-01-02
rwby,36,Destiny,Anime Canon,2016-01-09
rwby,37,PvP,Anime Canon,2016-01-16
rwby,38,Battle of Beacon,Anime Canon,2016-01-30
rwby,39,Heroes and Monsters,Anime Canon,2016-02-06
rwby,40,End of the Beginning,Anime Canon,2016-02-13
skip beat!,5,The Danger Zone,Manga Canon,2008-11-03
tsukimonogatari,2,"Yotsugi Doll, Part Two",Manga Canon,2013-12-31
