year,percent,rating,length,PercAgg
2021.0,0.0,8.35,23.0,<25
2008.0,0.0,7.34,74.0,<25
2019.0,8.333333333333334,7.21,12.0,<25
2009.0,21.232876712328768,8.14,73.0,<25
2016.0,12.76595744680851,6.56,47.0,<25
2013.0,3.1746031746031744,8.12,126.0,<25
2019.0,3.8461538461538463,8.12,52.0,<25
2016.0,7.6923076923076925,7.38,26.0,<25
2014.0,2.0833333333333335,7.48,24.0,<25
2010.0,0.0,8.05,16.0,<25
2005.0,2.0,7.28,50.0,<25
2012.0,7.6923076923076925,8.25,13.0,<25
2022.0,0.0,8.15,24.0,<25
2014.0,1.0416666666666667,8.07,48.0,<25
2013.0,3.3707865168539324,8.79,89.0,<25
2014.0,0.0,8.57,4.0,<25
2013.0,37.5,8.57,8.0,25 - 50
2015.0,0.0,7.22,12.0,<25
2019.0,0.0,7.78,24.0,<25
2011.0,23.333333333333332,7.23,60.0,<25
1997.0,2.0,8.61,25.0,<25
2016.0,4.166666666666667,6.34,24.0,<25
2012.0,0.0,7.87,3.0,<25
2022.0,0.0,7.92,6.0,<25
2017.0,0.0,7.24,1.0,<25
2023.0,100.0,6.81,26.0,> 75
2009.0,14.705882352941176,6.96,51.0,<25
2023.0,43.75,6.89,40.0,25 - 50
2008.0,60.869565217391305,7.12,46.0,50 - 75
2009.0,50.0,7.65,9.0,50 - 75
2005.0,16.666666666666668,7.32,24.0,<25
2017.0,12.647058823529411,8.14,170.0,<25
2023.0,0.0,7.98,1.0,<25
2016.0,50.0,7.98,2.0,50 - 75
2006.0,0.0,8.03,29.0,<25
2019.0,0.0,7.45,24.0,<25
2004.0,50.13661202185792,7.63,366.0,50 - 75
2006.0,62.5,7.63,4.0,50 - 75
2004.0,50.0,7.5,2.0,50 - 75
2022.0,0.0,7.44,40.0,<25
2015.0,0.0,7.77,24.0,<25
2011.0,33.78378378378378,7.47,37.0,25 - 50
2022.0,0.0,8.12,24.0,<25
2003.0,0.0,7.51,76.0,<25
2017.0,11.604095563139932,5.98,293.0,<25
2017.0,35.153583617747444,7.37,293.0,25 - 50
2012.0,0.0,7.26,12.0,<25
2016.0,0.0,7.8,61.0,<25
2020.0,0.0,7.15,3.0,<25
2006.0,0.0,7.29,26.0,<25
2012.0,42.30769230769231,6.9,13.0,25 - 50
1998.0,35.483870967741936,8.19,93.0,25 - 50
2011.0,0.0,7.87,12.0,<25
2022.0,0.0,8.43,12.0,<25
2015.0,0.0,7.76,13.0,<25
2007.0,20.833333333333332,7.25,24.0,<25
2008.0,4.0,8.93,25.0,<25
2017.0,0.0,7.83,38.0,<25
2007.0,17.307692307692307,7.73,26.0,<25
2010.0,0.0,5.08,13.0,<25
2012.0,0.0,7.33,5.0,<25
2006.0,0.0,8.92,50.0,<25
2017.0,0.0,8.92,4.0,<25
2008.0,0.0,7.57,2.0,<25
1998.0,0.0,8.38,27.0,<25
2014.0,8.333333333333334,7.49,12.0,<25
2006.0,22.844827586206897,8.0,116.0,<25
2016.0,0.0,6.6,24.0,<25
2024.0,0.0,8.41,3.0,<25
2018.0,0.0,7.2,24.0,<25
2020.0,0.0,7.2,10.0,<25
2011.0,3.8461538461538463,7.13,13.0,<25
2006.0,5.405405405405405,7.73,37.0,<25
2007.0,0.0,7.73,2.0,<25
2015.0,0.0,8.13,12.0,<25
2019.0,1.5873015873015872,8.41,63.0,<25
2020.0,0.0,8.54,1.0,<25
2007.0,0.0,8.03,13.0,<25
1996.0,46.914095079232695,8.11,1199.0,25 - 50
2003.0,32.0,7.24,25.0,25 - 50
2018.0,70.0,7.74,10.0,50 - 75
1999.0,0.0,7.79,54.0,<25
2015.0,0.0,7.44,6.0,<25
2020.0,0.0,7.79,23.0,<25
2021.0,0.0,7.18,12.0,<25
2020.0,0.0,8.04,12.0,<25
2019.0,0.0,8.26,15.0,<25
2019.0,0.0,8.11,58.0,<25
1986.0,14.705882352941176,8.21,153.0,<25
1986.0,86.84210526315789,7.78,19.0,> 75
1996.0,100.0,6.52,65.0,> 75
1990.0,60.0,6.71,5.0,50 - 75
2015.0,11.83206106870229,8.21,131.0,<25
2018.0,0.0,8.21,2.0,<25
1989.0,14.604810996563574,8.21,291.0,<25
2009.0,38.92215568862275,7.78,167.0,25 - 50
2020.0,0.0,7.73,17.0,<25
2016.0,0.0,7.88,12.0,<25
2010.0,0.0,7.97,61.0,<25
2010.0,0.0,7.97,4.0,<25
2021.0,0.0,7.25,50.0,<25
2004.0,3.8461538461538463,7.12,13.0,<25
2005.0,0.0,7.62,24.0,<25
2016.0,0.0,8.3,12.0,<25
1999.0,100.0,7.5,26.0,> 75
2003.0,0.0,7.14,51.0,<25
2009.0,20.274390243902438,7.62,328.0,<25
2012.0,50.0,7.62,2.0,50 - 75
2011.0,25.0,7.62,10.0,25 - 50
2024.0,0.0,7.6,25.0,<25
2017.0,0.0,7.2,25.0,<25
2013.0,10.465116279069768,7.01,43.0,<25
2006.0,12.5,8.18,24.0,<25
2014.0,0.0,8.18,26.0,<25
2011.0,6.0,8.54,25.0,<25
2019.0,1.0416666666666667,7.82,48.0,<25
2006.0,0.0,5.67,26.0,<25
2018.0,0.0,5.67,12.0,<25
1984.0,17.763157894736842,7.97,152.0,<25
2015.0,0.0,8.11,86.0,<25
2016.0,0.0,7.31,5.0,<25
2011.0,0.0,6.92,11.0,<25
2001.0,3.8461538461538463,8.21,26.0,<25
2019.0,0.0,8.21,63.0,<25
2002.0,52.04081632653061,7.59,49.0,50 - 75
2003.0,5.882352941176471,9.11,51.0,<25
2005.0,50.0,9.11,2.0,50 - 75
2006.0,80.0,9.11,5.0,> 75
2009.0,4.6875,9.11,64.0,<25
2009.0,0.0,9.11,4.0,<25
2025.0,0.0,8.22,2.0,<25
2015.0,0.0,6.47,12.0,<25
2004.0,23.076923076923077,6.97,26.0,<25
1995.0,25.0,8.27,4.0,25 - 50
2015.0,20.0,7.41,10.0,<25
2002.0,0.0,8.42,53.0,<25
2005.0,0.0,8.42,3.0,<25
2006.0,6.775067750677507,9.02,369.0,<25
2010.0,66.66666666666667,8.52,3.0,50 - 75
2021.0,0.0,6.51,12.0,<25
2017.0,0.0,8.24,12.0,<25
2018.0,16.666666666666668,7.26,12.0,<25
2018.0,0.0,7.89,24.0,<25
2011.0,2.0833333333333335,8.04,24.0,<25
1999.0,18.6046511627907,8.68,43.0,<25
2007.0,3.7037037037037037,8.64,27.0,<25
2014.0,0.0,8.43,87.0,<25
2003.0,0.0,8.26,1.0,<25
2003.0,0.0,6.49,1.0,<25
2000.0,1.968503937007874,8.61,127.0,<25
2018.0,0.0,5.39,23.0,<25
2014.0,0.0,7.91,5.0,<25
2016.0,12.5,7.33,12.0,<25
2007.0,62.857142857142854,7.5,35.0,50 - 75
2009.0,44.642857142857146,7.22,28.0,25 - 50
2005.0,3.3333333333333335,6.66,90.0,<25
2001.0,46.15384615384615,7.5,13.0,25 - 50
2006.0,0.0,8.34,10.0,<25
2023.0,0.0,7.3,13.0,<25
2018.0,8.16326530612245,7.31,49.0,<25
2010.0,0.0,7.06,13.0,<25
2006.0,0.0,7.21,62.0,<25
2001.0,4.0,8.08,75.0,<25
2013.0,100.0,9.03,2.0,> 75
1999.0,11.41304347826087,9.03,92.0,<25
2011.0,1.6891891891891893,9.03,148.0,<25
1998.0,0.0,8.36,82.0,<25
2000.0,0.0,7.32,2.0,<25
2008.0,0.0,7.4,1.0,<25
2000.0,22.53886010362694,7.88,193.0,<25
2017.0,0.0,7.63,11.0,<25
2015.0,0.0,7.24,25.0,<25
2017.0,0.0,7.53,12.0,<25
2012.0,0.0,7.87,190.0,<25
2000.0,50.0,7.54,13.0,50 - 75
2020.0,0.0,8.51,58.0,<25
2021.0,0.0,8.37,1.0,<25
2012.0,0.0,6.84,26.0,<25
2018.0,0.0,7.41,6.0,<25
2016.0,0.0,7.28,12.0,<25
2019.0,0.0,8.4,41.0,<25
2021.0,0.0,8.61,2.0,<25
2024.0,4.166666666666667,8.22,12.0,<25
2012.0,1.6666666666666667,8.24,30.0,<25
2012.0,0.0,8.03,11.0,<25
2013.0,0.0,8.03,25.0,<25
2018.0,0.0,6.55,12.0,<25
2012.0,0.0,8.29,104.0,<25
2001.0,100.0,8.18,100.0,> 75
2016.0,0.0,7.36,12.0,<25
2016.0,0.0,8.36,3.0,<25
2021.0,0.0,7.79,24.0,<25
2016.0,0.0,8.09,20.0,<25
2012.0,0.0,8.04,75.0,<25
2017.0,0.0,8.39,12.0,<25
2014.0,0.0,7.09,13.0,<25
2017.0,7.6923076923076925,8.62,13.0,<25
2012.0,5.0,6.85,50.0,<25
2016.0,0.0,7.8,13.0,<25
1994.0,52.04081632653061,7.53,49.0,50 - 75
2010.0,0.0,6.56,26.0,<25
2017.0,0.0,6.75,12.0,<25
2023.0,4.0,7.61,25.0,<25
2023.0,0.0,7.57,12.0,<25
2008.0,0.0,7.84,22.0,<25
2017.0,27.5,7.9,20.0,25 - 50
2016.0,1.3513513513513513,8.78,37.0,<25
1979.0,2.3255813953488373,8.07,43.0,<25
2009.0,0.0,8.76,100.0,<25
2013.0,0.0,8.76,23.0,<25
2004.0,0.0,6.52,74.0,<25
2022.0,0.0,7.2,12.0,<25
2016.0,3.823529411764706,7.83,170.0,<25
2018.0,33.333333333333336,7.83,3.0,25 - 50
2016.0,0.0,7.83,8.0,<25
2025.0,0.0,7.35,2.0,<25
2020.0,29.166666666666668,7.26,24.0,25 - 50
1990.0,19.23076923076923,7.54,39.0,<25
2002.0,53.63636363636363,8.29,220.0,50 - 75
2004.0,72.72727272727273,7.8,11.0,50 - 75
2002.0,76.92307692307692,8.29,13.0,> 75
2007.0,47.0,8.29,500.0,25 - 50
2005.0,19.23076923076923,6.93,26.0,<25
2008.0,0.0,6.93,9.0,<25
2006.0,0.0,6.93,26.0,<25
1995.0,0.0,8.37,26.0,<25
1997.0,25.0,7.67,2.0,25 - 50
2014.0,0.0,7.55,32.0,<25
2012.0,0.0,8.12,11.0,<25
2017.0,0.0,8.03,13.0,<25
2014.0,2.0,7.94,25.0,<25
2014.0,0.0,7.7,4.0,<25
1999.0,9.991349480968859,8.1,1156.0,<25
2000.0,83.33333333333333,8.1,15.0,> 75
2024.0,0.0,7.9,6.0,<25
1998.0,100.0,8.1,3.0,> 75
1999.0,34.61538461538461,7.1,26.0,25 - 50
2015.0,0.0,7.69,33.0,<25
2016.0,0.0,7.63,13.0,<25
2006.0,0.0,8.16,11.0,<25
1998.0,36.53846153846154,7.84,26.0,25 - 50
2015.0,0.0,7.7,52.0,<25
2015.0,0.0,8.86,9.0,<25
2014.0,0.0,8.32,24.0,<25
2021.0,0.0,6.02,24.0,<25
2023.0,0.0,8.44,8.0,<25
1997.0,20.88830255057168,7.42,1137.0,<25
2002.0,21.20418848167539,7.16,191.0,<25
2006.0,13.402061855670103,7.34,97.0,<25
2013.0,0.0,7.74,4.0,<25
1997.0,30.291970802919707,7.74,274.0,25 - 50
2015.0,0.0,7.58,13.0,<25
2001.0,5.660377358490566,6.87,53.0,<25
2012.0,0.0,7.69,44.0,<25
2015.0,0.0,7.69,3.0,<25
2014.0,0.0,6.55,11.0,<25
2019.0,0.0,7.47,3.0,<25
2011.0,0.0,8.38,12.0,<25
2012.0,0.0,8.38,4.0,<25
1989.0,48.13664596273292,7.75,161.0,25 - 50
2001.0,2.9411764705882355,7.22,51.0,<25
2016.0,0.0,7.58,50.0,<25
2006.0,16.748768472906406,8.12,203.0,<25
2007.0,0.0,7.67,4.0,<25
2021.0,0.0,6.84,12.0,<25
2021.0,0.0,6.31,12.0,<25
2016.0,0.0,8.21,17.0,<25
2020.0,0.0,6.84,36.0,<25
1997.0,6.410256410256411,8.24,39.0,<25
2023.0,0.0,7.51,18.0,<25
2008.0,57.69230769230769,6.88,26.0,50 - 75
1996.0,42.5,8.28,100.0,25 - 50
2023.0,0.0,8.28,24.0,<25
2017.0,0.0,6.35,40.0,<25
2017.0,0.0,7.96,12.0,<25
1992.0,53.25,7.76,200.0,50 - 75
2014.0,0.0,7.15,39.0,<25
2021.0,0.0,7.15,2.0,<25
1993.0,100.0,7.76,3.0,> 75
1993.0,80.0,7.76,5.0,> 75
1986.0,38.1578947368421,8.0,114.0,25 - 50
2004.0,0.0,8.52,26.0,<25
2008.0,0.0,7.98,2.0,<25
2005.0,0.0,7.71,2.0,<25
2015.0,2.0,7.49,25.0,<25
1998.0,0.0,8.1,13.0,<25
2004.0,81.56424581005587,7.72,358.0,> 75
2021.0,10.0,7.81,25.0,<25
2021.0,0.0,6.91,52.0,<25
2024.0,0.0,6.6,13.0,<25
2007.0,40.15748031496063,7.42,127.0,25 - 50
2013.0,2.272727272727273,8.09,22.0,<25
2011.0,3.7037037037037037,8.21,54.0,<25
2008.0,0.0,8.07,25.0,<25
1993.0,15.346534653465346,8.56,101.0,<25
2008.0,2.9411764705882355,5.86,51.0,<25
2014.0,33.333333333333336,5.86,12.0,25 - 50
1999.0,46.15384615384615,7.29,26.0,25 - 50
1982.0,0.0,7.71,31.0,<25
2016.0,0.0,7.53,13.0,<25
2022.0,2.127659574468085,8.42,47.0,<25
2011.0,0.0,9.07,25.0,<25
2018.0,0.0,8.55,23.0,<25
2022.0,0.0,8.46,12.0,<25
2018.0,2.5,5.83,40.0,<25
2012.0,0.0,6.72,50.0,<25
2018.0,0.0,7.01,12.0,<25
2018.0,0.0,7.58,47.0,<25
2014.0,0.0,8.08,11.0,<25
2018.0,6.25,7.47,24.0,<25
2017.0,0.0,8.05,24.0,<25
2015.0,4.166666666666667,6.8,24.0,<25
2013.0,0.0,7.7,13.0,<25
2006.0,0.0,7.41,49.0,<25
2011.0,0.0,7.38,27.0,<25
2020.0,0.0,7.07,13.0,<25
2015.0,0.0,7.65,25.0,<25
2006.0,44.642857142857146,7.23,28.0,25 - 50
2001.0,48.58757062146893,7.85,177.0,25 - 50
2019.0,8.695652173913043,8.47,23.0,<25
2019.0,2.0,7.9,25.0,<25
2014.0,6.5,7.6,100.0,<25
2023.0,0.0,7.6,24.0,<25
2017.0,0.0,7.61,4.0,<25
2008.0,61.8421052631579,6.96,38.0,50 - 75
2012.0,0.0,7.4,26.0,<25
2019.0,8.333333333333334,6.43,12.0,<25
2021.0,0.0,8.35,20.0,<25
2014.0,25.0,6.37,24.0,25 - 50
2018.0,0.0,7.29,24.0,<25
2002.0,44.23076923076923,7.13,52.0,25 - 50
2021.0,0.0,7.82,50.0,<25
2008.0,0.0,8.04,25.0,<25
2011.0,12.585034013605442,7.52,147.0,<25
1998.0,75.0,8.22,26.0,> 75
2017.0,4.166666666666667,7.41,12.0,<25
2014.0,0.0,8.08,4.0,<25
2023.0,0.0,7.74,24.0,<25
2017.0,0.0,6.91,12.0,<25
1981.0,15.868263473053892,7.1,167.0,<25
2008.0,0.0,7.06,26.0,<25
2019.0,2.0833333333333335,8.78,48.0,<25
2019.0,0.0,7.33,17.0,<25
2001.0,0.0,7.48,24.0,<25
2020.0,0.0,6.7,6.0,<25
2014.0,2.0833333333333335,8.04,24.0,<25
2014.0,9.090909090909092,8.64,22.0,<25
2013.0,7.142857142857143,8.05,14.0,<25
1992.0,1.7543859649122806,8.46,114.0,<25
1998.0,64.81481481481481,7.23,27.0,50 - 75
2008.0,27.5974025974026,7.49,154.0,25 - 50
2014.0,10.0,6.74,20.0,<25
2006.0,100.0,7.79,12.0,> 75
2000.0,42.0,7.51,225.0,25 - 50
2004.0,66.66666666666667,7.86,3.0,50 - 75
2004.0,30.555555555555557,7.23,180.0,25 - 50
2020.0,0.0,6.34,4.0,<25
2017.0,5.357142857142857,6.74,56.0,<25
2011.0,12.5,6.49,124.0,<25
2019.0,0.0,6.61,26.0,<25
2003.0,19.333333333333332,7.57,150.0,<25
2023.0,0.0,7.7,9.0,<25
